station,technology,buyout_gbp
Drax Power Station,Biomass,6478643283
London Array Offshore Windfarm,Offshore Wind,2921810149
Greater Gabbard,Offshore Wind,2198286741
Gwynt y Mor,Offshore Wind,1930213898
West of Duddon Sands Offshore Wind Farm,Offshore Wind,1771953579
Race Bank,Offshore Wind,1750094370
Sheringham Shoal,Offshore Wind,1431951619
Thanet Offshore Wind Farm,Offshore Wind,1303265231
Lincs Wind Farm,Offshore Wind,1247317020
Galloper Wind Farm,Offshore Wind,1133757519
Rampion,Offshore Wind,1073161528
Walney Offshore Wind Phase II,Offshore Wind,974459099
Westermost Rough,Offshore Wind,951506226
Walney Offshore Wind Phase I,Offshore Wind,896126414
Humber Gateway Offshore Wind Farm,Offshore Wind,838364104
Ormonde Wind Farm,Offshore Wind,629891547
Whitelee Windfarm,Onshore Wind,472768538
Robin Rigg Offshore Wind Farm (East),Offshore Wind,366298883
Inner Dowsing Offshore Wind Farm,Offshore Wind,365970909
Lynn Offshore Wind Farm,Offshore Wind,360366128
Gunfleet Sands I,Offshore Wind,348766631
Burbo Offshore Windfarm - A (31/01/07),Offshore Wind,319013493
Robin Rigg Offshore Wind Farm (West),Offshore Wind,308281938
Rhyl Flats Wind farm,Offshore Wind,294062445
Clyde Windfarm (North),Onshore Wind,284952623
Clyde Windfarm (Central),Onshore Wind,265651890
PyC Wind Farm,Onshore Wind,265332522
Crystal Rig II Wind Farm,Onshore Wind,241081289
Fallago Rig,Onshore Wind,240179076
Kilgallioch,Onshore Wind,235606282
Gunfleet Sands II,Offshore Wind,224140180
Barrow Offshore Windfarm - A,Offshore Wind,223802630
Stronelairg Wind Farm,Onshore Wind,219505774
Teesside windfarm,Offshore Wind,217812986
Whitelee Windfarm Extension,Onshore Wind,213486005
"Kentish Flats Ltd - A,C",Offshore Wind,202691615
Clyde Windfarm (South),Onshore Wind,201828899
Griffin Wind Farm,Onshore Wind,199416426
Kentish Flats Extension Wind Farm,Offshore Wind,172386666
"Hadyard Hill Windfarm - A,C",Onshore Wind,169609524
Farr Wind farm ltd - A,Onshore Wind,156111426
North Hoyle Offshore Wind Farm  - A,Offshore Wind,155298836
"Black Law Windfarm - A,C",Onshore Wind,153231665
Arecleoch,Onshore Wind,145584884
"Pauls Hill Wind Farm - A,C,E",Onshore Wind,131684636
Harestanes Windfarm,Onshore Wind,126734451
Kilbraur Wind Farm,Onshore Wind,122196203
Slieve Rushen Phase II - A (23/10/2007),Onshore Wind,122131016
Millennium Wind Farm - A,Onshore Wind,119841731
Scout Moor Wind Farm,Onshore Wind,119675755
Blyth Offshore Demonstrator,Offshore Wind,119310117
Braes of Doune Windfarm (Scotland) Ltd  - A,Onshore Wind,119032093
Dunmaglass Wind Farm,Onshore Wind,110130816
Gordonbush Wind Farm,Onshore Wind,109754554
Aikengall Windfarm,Onshore Wind,108205891
Little Cheyne Court Wind Farm,Onshore Wind,103774925
Slieve Kirk Windfarm,Onshore Wind,96361247
Beinneun Wind Farm,Onshore Wind,95591959
Keadby Wind Farm,Onshore Wind,91033245
Camster Wind Farm,Onshore Wind,89496889
CEFN CROES,Onshore Wind,87549127
Fullabrook Wind Farm,Onshore Wind,87176239
Mid Hill Wind Farm,Onshore Wind,86594939
Scroby Sands Wind Farm,Offshore Wind,84404581
Aikengall II Windfarm,Onshore Wind,82021093
Bhlaraidh Wind Farm,Onshore Wind,80269010
"Rothes Wind Ltd - A, C, E",Onshore Wind,79512985
"Earlsburn Wind Farm - A,E",Onshore Wind,79273303
Causeymire Wind Farm,Onshore Wind,79157624
"Crystal Rig Windfarm - A,E",Onshore Wind,77800127
Middlemoor Wind Farm,Onshore Wind,76216560
Berry Burn Wind Farm,Onshore Wind,74893629
Baillie Wind farm,Onshore Wind,73364044
The Carraig Gheal Wind Farm,Onshore Wind,70921188
Windy Standard II (Brockloch Rig),Onshore Wind,69720817
Lochluichart Windfarm,Onshore Wind,69586961
Hill of Towie Wind Farm,Onshore Wind,68735261
Ardrossan Windfarm (Scotland) Ltd - A,Onshore Wind,68513605
Mark Hill Windfarm,Onshore Wind,68314830
Pant y Wal Wind Farm,Onshore Wind,67494468
Dersalloch,Onshore Wind,66522683
Edinbane Wind Farm,Onshore Wind,65865758
Corriegarth Wind Energy Centre,Onshore Wind,65166341
Minsca Windfarm,Onshore Wind,64762208
Brechfa Forest West Wind Farm,Onshore Wind,63291046
Rothes2 Wind Farm,Onshore Wind,62907535
Burnfoot,Onshore Wind,62447597
Tween Bridge Wind Farm,Onshore Wind,62446849
Fairburn Windfarm,Onshore Wind,61026173
Ben Aketil Wind Farm,Onshore Wind,60754522
Strathy North,Onshore Wind,60609115
Ray Wind Farm,Onshore Wind,59431063
Kelburn Wind Farm,Onshore Wind,59364948
Achany Windfarm,Onshore Wind,58770757
Longpark Wind Farm,Onshore Wind,58137130
Blackcraig Wind Farm,Onshore Wind,56579882
Green Knowes Windfarm,Onshore Wind,56308154
Galawhistle Windfarm Limited,Onshore Wind,56098413
Scroby Sands Wind Farm,Offshore Wind,55797905
Beinn an Tuirc Windfarm Extension,Onshore Wind,55138295
Green Rigg,Onshore Wind,54495571
Harburnhead Windfarm,Onshore Wind,53869855
Mynydd y Betws Wind Farm,Onshore Wind,53726651
Calder Water Windfarm,Onshore Wind,51401866
Crook Hill,Onshore Wind,50752222
Drumderg Windfarm,Onshore Wind,50729315
AFTON WIND FARM,Onshore Wind,50069361
Brockaghboy Full,Onshore Wind,49886212
Lissett Wind Farm,Onshore Wind,49849712
BLACK LAW EXTENSION,Onshore Wind,49748378
"Beinn Tharsuin Wind Farm - A,E",Onshore Wind,48999875
Toddleburn Windfarm,Onshore Wind,48567641
Wind Energy (North Rhins) Limited,Onshore Wind,48488644
Moy Wind Farm,Onshore Wind,46740945
Wadlow Wind Farm,Onshore Wind,46090923
Millour Hill,Onshore Wind,45617238
Hyndburn Wind Farm,Onshore Wind,45603528
"Glens of Foudland Wind Farm - A, C",Onshore Wind,45342203
Altahullion Wind Farm,Onshore Wind,45027986
Hagshaw Hill Extension,Onshore Wind,45002907
Dalswinton Windfarm,Onshore Wind,44857477
Clashindarroch Wind Farm,Onshore Wind,44465374
Dun Law Extension,Onshore Wind,44352624
"Ffynnon Oer Wind Farm Ltd - A,E",Onshore Wind,44044757
A'Chruach Wind Farm Limited,Onshore Wind,43972326
Garreg Lwyd Hill,Onshore Wind,43940585
Dunbeg Windfarm,Onshore Wind,43145083
Bicker,Onshore Wind,42788708
West Durham Windfarm ltd,Onshore Wind,42373980
Wardlaw Wood - A,Onshore Wind,42213128
"Artfield Fell Windfarm - A,C",Onshore Wind,42147644
Sanquhar Windfarm,Onshore Wind,41458109
"Cruach Mhor Windfarm - A, E",Onshore Wind,40759022
Scotia Wind (Craigengelt) Limited,Onshore Wind,40745166
Alltwalis Wind Farm,Onshore Wind,40717390
Novar II Wind Farm,Onshore Wind,39818112
Glenkerie Wind Farm,Onshore Wind,39352148
Slieve Divena Windfarm,Onshore Wind,39276957
Frodsham Wind Farm,Onshore Wind,38672753
Andershaw Wind farm,Onshore Wind,38652872
Goole Fields Wind Farm,Onshore Wind,38592281
"Wether Hill Windfarm - A, E",Onshore Wind,38568665
Tievenameenta Wind Farm,Onshore Wind,38352208
Dungavel,Onshore Wind,38166781
Gruig Wind Farm,Onshore Wind,37967512
Stroupster1,Onshore Wind,37041591
West Browncastle Wind Farm,Onshore Wind,36533152
Wandylaw Wind Farm,Onshore Wind,36241951
Goole Fields II Wind Farm,Onshore Wind,36046647
Carrickatane Windfarm,Onshore Wind,36003514
Ewe Hill II,Onshore Wind,35966064
Lynemouth,Onshore Wind,35738558
Drone Hill Wind Farm LTD,Onshore Wind,35319582
Auchrobert Wind Farm,Onshore Wind,35291918
Crighshane Energy Limited,Onshore Wind,35194413
LLANBABO,Onshore Wind,35142637
Whiteside Hill Wind Farm,Onshore Wind,35056965
Black Hill Wind Farm - A,Onshore Wind,34889042
Gunfleet Sands Demo,Offshore Wind,34870606
Roos Wind Farm,Onshore Wind,34769889
Pollnalaght Wind Farm,Onshore Wind,34485026
Corriemoillie Windfarm,Onshore Wind,34161072
TIR MOSTYN AND FOEL GOCH,Onshore Wind,33852460
Penmanshiel-GP,Onshore Wind,33753959
Tirgwynt,Onshore Wind,33707653
Tormywheel Wind Farm Limited,Onshore Wind,33701332
CNOC DONN ARNICLE WIND FARM,Onshore Wind,33526368
Hare Hill Wind Farm - A,Onshore Wind,33479836
Tappaghan Windfarm Ltd,Onshore Wind,33380919
Chelveston Renewable Energy,Onshore Wind,33213451
Kingsburn Wind Farm,Onshore Wind,32640793
Fraisthorpe Wind Farm Ltd,Onshore Wind,32600879
Maerdy Wind Farm,Onshore Wind,31939823
Little Raith Wind Farm Limited,Onshore Wind,31647974
Carno II,Onshore Wind,31473549
Glenchamber - GP,Onshore Wind,31092924
An Suidhe Wind Farm,Onshore Wind,30975954
Twin Rivers Wind Farm,Onshore Wind,30807914
Assel Valley Wind Farm – GP,Onshore Wind,30671370
Burn of Whilk Wind Farm,Onshore Wind,30535403
Tangy Wind Farm - A,Onshore Wind,30464531
Burnhead Wind Farm,Onshore Wind,30438824
BEINN AN TUIRC WIND FARM,Onshore Wind,30353738
Kildrummy1,Onshore Wind,30268475
"Stags Holt Wind Farm - A, E (5/07/07)",Onshore Wind,30074492
Airies Wind Farm,Onshore Wind,30026197
Caton Moor Wind Farm - A,Onshore Wind,30023008
Middlewick Generating Station,Onshore Wind,29999559
Fen Farm Wind Park Ltd - A (18/12/2007),Onshore Wind,29640560
Rusholme Wind Farm,Onshore Wind,29474756
Carland Cross Repowering Windfarm,Onshore Wind,29384303
Sixpenny Wood Wind Farm,Onshore Wind,29269821
Llynfi Afan Renewable Energy Park Limited,Onshore Wind,29213227
Cour WF - GP,Onshore Wind,29104804
Quixwood Wind Farm,Onshore Wind,28733358
Hunters Hill Windfarm,Onshore Wind,28535596
Rosehall Wind Farm,Onshore Wind,28481383
Bradwell,Onshore Wind,28446414
Hare Hill Extension,Onshore Wind,28050995
Butterwick Moor Wind Farm,Onshore Wind,27995390
Bagmoor Wind Farm,Onshore Wind,27971209
Freasdail Wind Farm,Onshore Wind,27933013
Swinford Wind Farm,Onshore Wind,27873050
Cotton Farm1,Onshore Wind,27852108
Screggagh Windfarm,Onshore Wind,27684573
Nutberry Wind Farm,Onshore Wind,27469667
Tullo Wind Farm Limited,Onshore Wind,26906824
Curryfree Wind Farm,Onshore Wind,26847445
Hall Wind Farm,Onshore Wind,26555780
Crockagarran Wind Farm,Onshore Wind,26531852
SRO Dun Law - A,Onshore Wind,26367065
Glass Moor Wind Farm - A,Onshore Wind,26336142
Wryde Croft Wind Farm,Onshore Wind,25389255
Garves Wind Farm,Onshore Wind,25279092
Withernwick Wind Farm,Onshore Wind,25259830
Allt Dearg Wind Farmers LLP,Onshore Wind,25149440
Burton Wold Windfarm - A,Onshore Wind,25125260
NEW WERFA (Cefn Croes),Onshore Wind,25101950
Pates Hill Wind Farm,Onshore Wind,25015764
Pentland Road,Onshore Wind,24563123
Moelogan 2 Wind Farm,Onshore Wind,24551806
Spurness Wind Farm II,Onshore Wind,24429199
The Grange Wind Farm,Onshore Wind,24413919
Minnygap Wind Farm,Onshore Wind,24389929
Muirhall Wind Farm Limited,Onshore Wind,24143060
ROUGHSIDE HILL,Onshore Wind,24110686
Tullo Extension,Onshore Wind,23725279
"Boulfruich Wind Farm - A,C",Onshore Wind,23661026
Milton Keynes Wind Farm,Onshore Wind,23625732
Pant y Wal Extension Wind Farm,Onshore Wind,23582545
Callagheen Wind Farm,Onshore Wind,23359816
Goonhilly Downs Wind Farm,Onshore Wind,23234761
Beckburn Wind Farm,Onshore Wind,23049582
Dunmore Wind Farm Ltd,Onshore Wind,23024062
CARNO B,Onshore Wind,22972571
CARNO A,Onshore Wind,22777605
Ovenden Moor WF,Onshore Wind,22739931
Wathegar 2 Wind Farm,Onshore Wind,21953048
MYNYDD CLOGAU,Onshore Wind,21845156
Turncole Wind Farm,Onshore Wind,21615925
Penny Hill Wind Farm,Onshore Wind,21543097
CEMMAES C WINDFARM,Onshore Wind,21538349
Church Hill Energy Limited,Onshore Wind,21423326
Maesgwyn Wind Farm,Onshore Wind,21397282
North Steads Wind Farm - GP,Onshore Wind,21353500
Wingates Wind Farm,Onshore Wind,21281711
Biggleswade Wind Generating Station,Onshore Wind,21193553
Burton Wold,Onshore Wind,21009845
Mynydd Bwllfa Wind Farm,Onshore Wind,20599617
Llidiartywaun Wind Farm - A,Onshore Wind,20589599
Yelvertoft Wind Farm,Onshore Wind,20587881
Gayton Le Marsh Wind Farm,Onshore Wind,20551505
Black Hill Wind Farm - A,Onshore Wind,20445315
Knabs Ridge Wind Farm (12/12/2007),Onshore Wind,20317927
"Coldham Wind Farm - A, E",Onshore Wind,20268777
Langhope Rig Wind Farm,Onshore Wind,20173298
Altaveedan Wind Farm,Onshore Wind,20095311
Long Mountain,Onshore Wind,19926316
Bishopthorpe,Onshore Wind,19917029
Todmorden Moor Wind Farm full,Onshore Wind,19810987
Glen App,Onshore Wind,19804749
MYNYDD GORDDU,Onshore Wind,19734491
Coal Clough Repowering,Onshore Wind,19730642
Hill of Glaschyle,Onshore Wind,19428776
Castlecraig Wind Farm,Onshore Wind,19219096
Boyndie - A,Onshore Wind,19097132
Crockandun Windfarm,Onshore Wind,19081153
Slieve Divena 2 Wind Farm,Onshore Wind,18920342
Middleton Windfarm,Onshore Wind,18771058
North Pickenham Windfarm - A,Onshore Wind,18555201
Tappaghan Windfarm Ltd,Onshore Wind,18521624
Deeping St Nicholas Wind Farm - A,Onshore Wind,18339847
Bamber's Farm Wind Park Ltd - A,Onshore Wind,18283710
Whitemill Wind Farm,Onshore Wind,18257532
Llangwyryfon Windfarm,Onshore Wind,18235013
Altahullion 2 Wind Farm - A,Onshore Wind,18226175
Armistead Wind Farm,Onshore Wind,18120446
"Earlseat Wind Farm, Kirkcaldy",Onshore Wind,18085866
DEUCHERAN HILL,Onshore Wind,17960472
Jack's Lane Wind Farm,Onshore Wind,17940281
Crystal Rig III Windfarm,Onshore Wind,17789200
Bryn Titli Wind Farm,Onshore Wind,17782697
Carn Hill Windfarm,Onshore Wind,17772088
POLWHAT RIG WINDFARM,Onshore Wind,17726639
Tallentire,Onshore Wind,17675500
Blantyre Muir Wind Energy Ltd,Onshore Wind,17595249
HAGSHAW HILL B,Onshore Wind,17588365
Port of Liverpool Wind Farm,Onshore Wind,17425507
Rhodders,Onshore Wind,17337249
Seamer Wind Farm,Onshore Wind,17180352
Bankend Rig Windfarm,Onshore Wind,17153018
Wathegar Wind Farm,Onshore Wind,17114709
Edintore Wind Farm,Onshore Wind,17078913
Hellrigg Wind Farm,Onshore Wind,17043831
Thornog Windfarm,Onshore Wind,16943344
WHARRELS HILL WINDFARM,Onshore Wind,16771873
Earls Hall Farm1,Onshore Wind,16702591
Ransonmoor Wind Farm - A (1/03/07),Onshore Wind,16663099
Haswell Moor WF,Onshore Wind,16660279
Wheelhouse Energy (NI) Limited,Onshore Wind,16652606
Wolf Bog Wind Farm - A (10/09/2007),Onshore Wind,16603111
Red Tile Wind Farm 2 - A,Onshore Wind,16526707
Bin Mountain Wind Farm (NI) Ltd - A (5/2/07),Onshore Wind,16504767
Craig Wind Farm,Onshore Wind,16452410
Molly Mountain,Onshore Wind,16382175
Corrimony Wind Farm,Onshore Wind,16284704
CREPL,Onshore Wind,16229873
Barmoor,Onshore Wind,16227648
Kiln Pit Hill Wind Farm,Onshore Wind,16177250
Sancton Hill Wind Farm,Onshore Wind,16175270
OUT NEWTON,Onshore Wind,16151294
Dummuies Windfarm - A,Onshore Wind,16039430
Red Tile Wind Farm 1 - A,Onshore Wind,15994591
Broughshane Wind Farm,Onshore Wind,15992382
BEARS DOWN RESERVOIR,Onshore Wind,15943319
Lochlebank Windfarm,Onshore Wind,15876247
Pearie Law Wind Farm,Onshore Wind,15841484
Reaps Moss,Onshore Wind,15809626
BENDEALT WINDFARM,Onshore Wind,15780886
Ewe Hill 1,Onshore Wind,15770350
Winwick Wind Farm_Full,Onshore Wind,15748224
Delabole Wind Farm Repower,Onshore Wind,15728435
Bessy Bell Windfarm (NI) Limited,Onshore Wind,15698190
Clachan Flats,Onshore Wind,15308363
Eglish,Onshore Wind,15307662
Batsworthy Cross Wind Farm,Onshore Wind,15254197
MEALL AN TUIRC WIND FARM,Onshore Wind,15220510
Glass Moor II,Onshore Wind,15154848
Lindhurst Wind Farm,Onshore Wind,14982932
Denzell Downs Windfarm,Onshore Wind,14868740
OraMore Wind Farm,Onshore Wind,14848488
Gordonstown Wind Farm,Onshore Wind,14691248
Low Spinney,Onshore Wind,14668871
Meikle Carewe,Onshore Wind,14654263
Neilston Community Wind Farm,Onshore Wind,14645697
Den Brook Wind Farm,Onshore Wind,14486895
Broom Hill,Onshore Wind,14431822
Penrhyddlan Wind Farm - A,Onshore Wind,14305233
Emly Bank RO,Onshore Wind,14304985
Burton Pidsea Wind Farm,Onshore Wind,14298836
Gortfinbar Wind Farm,Onshore Wind,14288036
Grange Wind Farm 2,Onshore Wind,14245587
Woolley Hill Wind Farm,Onshore Wind,14086175
AOE Windfarm,Onshore Wind,14003538
GALLOW RIG,Onshore Wind,13985825
BEINN GHLAS WINDFARM,Onshore Wind,13984067
Kelmarsh Wind Farm_Full,Onshore Wind,13662473
Taff Ely Wind Farm - A,Onshore Wind,13639461
Wern Ddu,Onshore Wind,13622281
Seegronan1 Windfarm,Onshore Wind,13577018
Sober Hill A,Onshore Wind,13539409
Strath of Brydock,Onshore Wind,13436458
Burgar Hill Wind Farm - A,Onshore Wind,13364940
St Breock Wind Farm,Onshore Wind,13238348
Langley,Onshore Wind,13133875
Carcant Windfarm,Onshore Wind,13076430
Cregganconroe WF,Onshore Wind,13068972
Rhyd Y Groes Windfarm - A,Onshore Wind,12938554
Forss Wind Farm Phase 2,Onshore Wind,12869373
GWEL Operating Company Ltd,Onshore Wind,12788463
Barlockhart Moor Wind Energy Limited,Onshore Wind,12753592
Boardinghouse Windfarm Limited,Onshore Wind,12748310
FEPODWT,Offshore Wind,12718081
Corkey Windfarm,Onshore Wind,12676074
Red Gap Moor,Onshore Wind,12651694
"McCain Foods Whittlesey - A,D (18/10/2007)",Onshore Wind,12456577
Lough Hill Wind Farm - A,Onshore Wind,12353531
Mynydd Portref Windfarm Extension,Onshore Wind,12314917
Lendrums Bridge Extension Site,Onshore Wind,12226075
Marr Wind Farm,Onshore Wind,12206383
Lilbourne Wind Farm,Onshore Wind,12181880
Red House Wind Farm - A,Onshore Wind,12100363
Monnaboy Windfarm,Onshore Wind,12099450
Watford Lodge Wind Farm,Onshore Wind,11962824
Altamuskin Wind Farm,Onshore Wind,11915736
St John Hill,Onshore Wind,11915441
Achairn Energy,Onshore Wind,11838145
Shantavny Wind Park,Onshore Wind,11780757
Hook Moor Wind Farm,Onshore Wind,11744564
New Albion Wind Farm,Onshore Wind,11608620
Flimby,Onshore Wind,11566218
Sheerness Wind Farm,Onshore Wind,11563818
Torrance Windfarm,Onshore Wind,11422141
Rigged Hill Windfarm,Onshore Wind,11288622
Teiges Mountain Wind Farm,Onshore Wind,11286313
Hazlehead,Onshore Wind,11252988
Boyndie - A,Onshore Wind,11244541
Hammars Hill,Onshore Wind,11241260
Spaldington Airfield Wind Farm (1),Onshore Wind,11226272
Wear Point Wind Farm,Onshore Wind,11218057
Owenreagh Wind Farm,Onshore Wind,11022564
North Pickenham Windfarm - A,Onshore Wind,10664279
Walkway Wind Farm 1,Onshore Wind,10658356
Srondoire Wind Farm,Onshore Wind,10639641
Port of Tilbury Wind Farm,Onshore Wind,10565960
Mynydd Portref Windfarm,Onshore Wind,10542697
Ark Hill Wind Farm,Onshore Wind,10497760
Muirhall WF Extension 1 LTD,Onshore Wind,10472693
Bilsthorpe Wind Farm,Onshore Wind,10407437
"Bristol Port Wind Park Ltd - A,D,  (01/07/2007)",Onshore Wind,10350712
Inishative WF,Onshore Wind,10334663
Heysham South Wind Farm,Onshore Wind,10331530
Beinn Ghrideag wind farm,Onshore Wind,10314082
Blackstone Edge,Onshore Wind,10312222
Winscales Phase II,Onshore Wind,10300971
Crockdun,Onshore Wind,10250284
Sisters Wind Farm - GP,Onshore Wind,10242064
St. Fergus,Onshore Wind,10233259
Westfield Wind Farm,Onshore Wind,10220759
Spicer Hill Wind Farm,Onshore Wind,10172053
Good Energy Hampole Windfarm,Onshore Wind,10096430
Ramsey 2 Wind Farm,Onshore Wind,10081900
Hill of Fiddes Wind Farm,Onshore Wind,10075255
Hallburn Farm Wind Farm - GP,Onshore Wind,10074416
Deeping St Nicholas Wind Farm - A,Onshore Wind,10045002
Lairg Wind Farm Limited,Onshore Wind,10020173
Tullymurdoch Windfarm,Onshore Wind,9747284
Tedder Hill,Onshore Wind,9698180
Lochcarnan Community Wind Farm,Onshore Wind,9691424
"Hameldon Hill Wind Farm - A, E (01/02/07)",Onshore Wind,9662272
TRYSGLWYN,Onshore Wind,9602525
Ferndale Wind farm,Onshore Wind,9578307
Lambs Hill,Onshore Wind,9571356
Cairnborrow Wind Farm,Onshore Wind,9568382
Winscales Moor Wind Farm,Onshore Wind,9475591
Lochhead Wind Farm,Onshore Wind,9467062
Muirhall Windfarm Extension Ltd,Onshore Wind,9425943
Newton of Fortrie,Onshore Wind,9173503
Walkway Wind Farm 2,Onshore Wind,9167001
Elliots Hill,Onshore Wind,9149842
LOWCA,Onshore Wind,9126482
Lochend Windfarm,Onshore Wind,9116798
Falkirk Tod Hill Wind Farm,Onshore Wind,9100987
Mynydd Brombil Wind Farm,Onshore Wind,9098054
EMLY BANK,Onshore Wind,9059699
OLDSIDE,Onshore Wind,9057166
Triodos Renewables (Severn) limited,Onshore Wind,8969215
Glenbuck,Onshore Wind,8944972
Fairfield Wind Farm,Onshore Wind,8916519
Lendrums Bridge (NFFO) - A,Onshore Wind,8870832
Burton Wold Wind Farm South,Onshore Wind,8862794
Hoprigshiels,Onshore Wind,8799913
Bryn Blaen Wind Farm,Onshore Wind,8651978
Carsington,Onshore Wind,8651706
Bessy Bell Windfarm,Onshore Wind,8645517
Pendine Wind Farm Limited,Onshore Wind,8625458
Hillhead of Auquhirie,Onshore Wind,8523788
South Sharpley Wind Farm,Onshore Wind,8514601
Upper Holton Halesworth,Onshore Wind,8467209
Red Tile Wind Farm 2 - A,Onshore Wind,8383205
Westnewton Wind Farm,Onshore Wind,8378894
Airvolution Energy (Airfield) Limited,Onshore Wind,8353389
Great Eppleton WF,Onshore Wind,8251589
"Merck, Sharp and Dohme Wind Turbines",Onshore Wind,8144929
Beinn nan Oighrean Windfarm,Onshore Wind,8053592
Greendykeside Wind Farm - A (20/09/2007),Onshore Wind,8046284
Jacksbank Wind,Onshore Wind,7979377
GREAT EPPLETON FARM,Onshore Wind,7915647
Phase 1 Bettyhill Wind Farm,Onshore Wind,7902869
Kirkby Moor Wind Farm - A,Onshore Wind,7807639
Clochnahill Wind Farm,Onshore Wind,7783758
LAMBRIGG WINDFARM,Onshore Wind,7720544
High Hedley 2,Onshore Wind,7571533
Hameldon Hill Extension,Onshore Wind,7537483
Chiplow Wind Farm Ltd,Onshore Wind,7490611
Red House Wind Farm - A,Onshore Wind,7454023
Roade Windfarm Limited,Onshore Wind,7402886
Hill of Skilmafilly Full Accreditation,Onshore Wind,7298102
Mean Moor Wind Farm,Onshore Wind,7283850
Newark Windfarm,Onshore Wind,7280947
Workington Wind - A,Onshore Wind,7259495
Dagenham Wind Park Limited - A.C,Onshore Wind,7232083
"Bilbster Wind Farm, (14/12/07)",Onshore Wind,7229805
Beatrice Offshore Windfarm,Offshore Wind,7223787
Kirkton Wind Turbines,Onshore Wind,7184699
Galsworthy Wind Park Ltd,Onshore Wind,7141388
Orchard End Windfarm,Onshore Wind,7081456
High Volts Wind Farm 2,Onshore Wind,7019457
Potato Pot,Onshore Wind,6995179
Pen Bryn Oer Wind Farm,Onshore Wind,6988691
Crockbaravally Wind Farm Limited,Onshore Wind,6976251
Westmill Wind Farm (19/02/2008) - A,Onshore Wind,6954168
Cloonty Windfarm,Onshore Wind,6925795
Burradale Windfarm Phase 1 - A,Onshore Wind,6859501
Auchadaduie Wind Farm,Onshore Wind,6801758
Swinford Wind Farm,Onshore Wind,6774403
Eye Wind Generating System,Onshore Wind,6722824
Drumduff Wind Farm,Onshore Wind,6681482
Brownieleys,Onshore Wind,6644659
Newton Down Wind Farm Ltd - GP,Onshore Wind,6606558
Boundary Lane,Onshore Wind,6596183
"Nissan Wind Farm - A,C,D",Onshore Wind,6590401
Park Spring Wind Farm,Onshore Wind,6583521
SIDDICK,Onshore Wind,6535974
Burnthouse Windfarm,Onshore Wind,6448087
Trimdon Grange,Onshore Wind,6408749
"Owenreagh Windfarms- A,C",Onshore Wind,6402156
Royd Moor Windfarm - A,Onshore Wind,6352926
CEMMAES B,Onshore Wind,6352767
Dalby Wind Park Ltd,Onshore Wind,6302478
Blyth Harbour Wind Farm - A,Onshore Wind,6263977
BLAEN BOWI WINDCLUSTER,Onshore Wind,6255330
Shepham Wind Farm,Onshore Wind,6148227
High Haswell Wind Farm,Onshore Wind,6123312
Haddo Wind Turbines,Onshore Wind,6089953
Kinegar,Onshore Wind,6082637
Dyffryn Brodyn Wind Farm - A,Onshore Wind,6025596
Eshmore,Onshore Wind,6015081
Gevens,Onshore Wind,5965098
Deuchries Wind Farm,Onshore Wind,5962349
Slieveglass Wind Farm,Onshore Wind,5951239
Braich Ddu (5/07/07),Onshore Wind,5854440
NWDL,Onshore Wind,5815672
Four Burrows Wind Farm - A,Onshore Wind,5814750
FAR OLD PARK FARM,Onshore Wind,5800765
Arnish Moor Windfarm - A,Onshore Wind,5777365
Burradale Wind Farm Phase 2 -A,Onshore Wind,5749182
Middle Balbeggie,Onshore Wind,5661215
Loscar,Onshore Wind,5560568
PARC-CYNOG,Onshore Wind,5445537
MOEL MAELOGEN,Onshore Wind,5383592
House o'Hill,Onshore Wind,5269824
Bernard Matthews Wind Farm Weston LLP,Onshore Wind,5231279
ROYAL SEAFORTH DOCKS,Onshore Wind,5207628
North Pickenham Airfield,Onshore Wind,5172485
THORFINN WIND FARM,Onshore Wind,5160957
Barns of Ayre,Onshore Wind,5143229
CROFTING POWER (HILL OF LYBSTER),Onshore Wind,5105817
Ovenden Moor Windfarm - A,Onshore Wind,5098094
Corby Knowe WF,Onshore Wind,5093700
Irvine GSK Wind Turbines,Onshore Wind,5053234
Mackies Hill of Easterton Wind Turbine - D,Onshore Wind,5022102
Harthill Wind Farm,Onshore Wind,5015920
Mossmorran,Onshore Wind,4967125
Cairnhill Windfarm,Onshore Wind,4941809
St John's Wells Wind Farm,Onshore Wind,4941741
Skelmonae Windfarm Ltd,Onshore Wind,4911448
Harlock Hill Wind Farm,Onshore Wind,4879684
Burgar Hill Renewables 1,Onshore Wind,4863063
Milton of Fisherie Wind Turbines,Onshore Wind,4845529
Brotherton Wind Farm,Onshore Wind,4825078
Flotta Wind Farm,Onshore Wind,4806964
Brackagh Wind Farm,Onshore Wind,4760039
Dundee Merchant Wind Park Limited - A,Onshore Wind,4756031
Ballymena Wind Park Limited,Onshore Wind,4612977
Welton of Creuchies Wind Farm,Onshore Wind,4467484
Thorfinn Wind Energy Project (NM1500),Onshore Wind,4454696
Cairnmore,Onshore Wind,4430144
RHEIDOL WINDFARM,Onshore Wind,4422704
Cathkin Braes Wind Farm,Onshore Wind,4421313
"Castle Pill Farm 1 - A, C",Onshore Wind,4400740
Ramsey,Onshore Wind,4361302
Craig Wind Farm 2,Onshore Wind,4261361
Dunsland Cross Windfarm,Onshore Wind,4254381
West Knock Wind Cluster,Onshore Wind,4145075
Greenhill Wind Turbine,Onshore Wind,4130280
High Pow - A,Onshore Wind,4050147
Melton Wind Farm,Onshore Wind,4015891
High Sharpley - A,Onshore Wind,3904694
Ardgrain Wind Cluster,Onshore Wind,3866851
Coal Clough Windfarm - A,Onshore Wind,3864324
Haverigg 3 Windcluster,Onshore Wind,3802462
HARE HILL,Onshore Wind,3797442
Shooters Bottom Wind Park Ltd,Onshore Wind,3775204
HAFOTY UCHA 2,Onshore Wind,3769274
Gairnieston Wind Cluster,Onshore Wind,3745074
GWDL,Onshore Wind,3725368
HIGH VOLTS WIND FARM,Onshore Wind,3683275
TOW LAW WIND FARM,Onshore Wind,3680381
HEDLEY HOPE,Onshore Wind,3676514
Haverigg 4 Windcluster,Onshore Wind,3675362
Roskrow Barton (17/12/2007),Onshore Wind,3632672
Cold Northcott Windfarm,Onshore Wind,3588223
The Hollies Wind Farm - (21/01/2008),Onshore Wind,3576860
GREAT ORTON AIRFIELD,Onshore Wind,3532546
Alveston Wind Park Limited,Onshore Wind,3522641
Whittlesey,Onshore Wind,3499038
Maesgwyn Extension.,Onshore Wind,3447037
Lisglass Wind Ltd,Onshore Wind,3413732
HOLMSIDE HALL,Onshore Wind,3413426
Keith Hill,Onshore Wind,3406710
Redbog,Onshore Wind,3380869
"Hare Hill Wind Farm (eon) - A, C",Onshore Wind,3351821
HAFOTTY UCHA,Onshore Wind,3344372
"Holmside Wind Farm - A,C",Onshore Wind,3332734
Hill of Balquhindachy Wind Turbine - A,Onshore Wind,3330350
Clondermot Wind Limited,Onshore Wind,3297381
Darracott Moor Wind Farm,Onshore Wind,3161071
KIRKSTANTON AIRFIELD,Onshore Wind,3101669
DRIGG (Ness Point),Onshore Wind,3088729
French Farm Wind Farm,Onshore Wind,3023553
EAST TOWN END FARM,Onshore Wind,3018522
"Spurness Windfarm - A,C",Onshore Wind,2965241
Bogenlea Wind Turbine,Onshore Wind,2936744
FORESTMOOR WIND PROJECT,Onshore Wind,2926566
Denhill Wind Turbine,Onshore Wind,2881079
"Loftsome Bridge Water treatment Works - A, D (24/09/2007)",Onshore Wind,2799644
Glenwherry Wind Ltd,Onshore Wind,2719017
Clinty,Onshore Wind,2710520
MAWLA GREENLANE FARM MOEL MAELOGAN,Onshore Wind,2693980
Courtstone Wind Turbine,Onshore Wind,2630244
Sober Hill B,Onshore Wind,2593981
Myres Hill Wind Turbine Test Site - A,Onshore Wind,2592809
Ballynahaye Road,Onshore Wind,2574710
Worksop Wind Park Ltd,Onshore Wind,2549128
SP0389,Onshore Wind,2541178
Croda Europe Wind Turbine,Onshore Wind,2477339
MD Renewables Limited,Onshore Wind,2464303
BLOOD HILL WIND TURBINE,Onshore Wind,2461576
SP2045,Onshore Wind,2433094
LOWICK BEACON,Onshore Wind,2430061
High Pow - A,Onshore Wind,2420984
farrell,Onshore Wind,2415256
JockeysQuarter-GP,Onshore Wind,2399600
Luggie's Knowe,Onshore Wind,2398281
Liniclate B,Onshore Wind,2388259
St Breock Windfarm - A,Onshore Wind,2384857
MYROE 1060,Onshore Wind,2372895
SP0239 - GP,Onshore Wind,2317989
SP0069,Onshore Wind,2310451
Wind Turbine 1,Onshore Wind,2302536
"Longhill Wind Turbine - A,C",Onshore Wind,2299149
Criags Road,Onshore Wind,2296342
First Wind 1038,Onshore Wind,2276552
Dysart Energy,Onshore Wind,2237244
SP0433,Onshore Wind,2229443
MYROE 1031,Onshore Wind,2219634
SP0847-GP,Onshore Wind,2148212
SP0645,Onshore Wind,2091680
Ventus,Onshore Wind,2079468
Crocknagrogan Ltd,Onshore Wind,2071903
Stonetec,Onshore Wind,2065808
Flack Micon,Onshore Wind,2059277
MYROE 1063,Onshore Wind,2050913
Carness Rock,Onshore Wind,2049119
1045,Onshore Wind,2047020
Nash WwTW Wind Turbine,Onshore Wind,2045028
Gortumly Hill Ltd,Onshore Wind,2039624
Windmill Road,Onshore Wind,2037623
SP0416,Onshore Wind,2031724
1007,Onshore Wind,2028524
Millview Wind Turbine,Onshore Wind,2000388
1057,Onshore Wind,1988531
Green Park Wind Farm Limited - A,Onshore Wind,1978102
BURGAR HILL,Onshore Wind,1968663
Dullerton Road,Onshore Wind,1961157
Donard View,Onshore Wind,1960165
Carland Cross Windfarm,Onshore Wind,1956985
Crockanboy Wind,Onshore Wind,1946577
KIRKHEATON WIND FARM,Onshore Wind,1931298
ECOTECH WIND TURBINE GENERATOR,Onshore Wind,1930053
SP0595 - GP,Onshore Wind,1919087
AA McGuckian,Onshore Wind,1909352
BH Energy - Wind Turbines,Onshore Wind,1903028
Scalp250,Onshore Wind,1901301
Wind NI 1017,Onshore Wind,1894724
O'Neillwindenergyltd,Onshore Wind,1889406
Borough Wind,Onshore Wind,1817182
Rodbaston WTG1 - GP,Onshore Wind,1811289
Oldmill,Onshore Wind,1808641
1067,Onshore Wind,1807142
Peter Cunningham,Onshore Wind,1805781
MABLETHORPE STW,Onshore Wind,1801150
Bendooragh Road,Onshore Wind,1800536
WNIP - 1049,Onshore Wind,1796767
Castlecaulfield,Onshore Wind,1795248
G.C.,Onshore Wind,1793305
Hill of Balquhindachy Wind Turbine - A,Onshore Wind,1790368
SP3554,Onshore Wind,1790089
Woodlands Farm Wind Turbines,Onshore Wind,1785154
Lochcarnan Community Wind Farm,Onshore Wind,1777622
Omagh 1,Onshore Wind,1776282
Lisahoppin Wind Turbine,Onshore Wind,1767861
T.C.P Wind,Onshore Wind,1762578
Rodbaston WTG2,Onshore Wind,1759057
WEG 1044,Onshore Wind,1758290
Murrays Wind,Onshore Wind,1744846
Pomeroy Full,Onshore Wind,1722698
Irvine-Wind Turbine,Onshore Wind,1717177
Moore Bros - Diamond Field,Onshore Wind,1715055
1175,Onshore Wind,1710927
SP2937,Onshore Wind,1706974
MPG - Portglenone,Onshore Wind,1706947
Corrinare Road,Onshore Wind,1683414
Callagheen Wind,Onshore Wind,1679613
Doon,Onshore Wind,1679602
WNIP 1068,Onshore Wind,1674974
Outlack Energy,Onshore Wind,1673976
James Moore,Onshore Wind,1671984
The Rock 250.,Onshore Wind,1671299
Bunlougher,Onshore Wind,1667938
"Northfield Wind Energy Project Burray- A,C",Onshore Wind,1666235
Katie 6,Onshore Wind,1662255
Killyruddan Road - GP,Onshore Wind,1662149
Stonypath,Onshore Wind,1660741
1073,Onshore Wind,1649190
GREAT ORTON,Onshore Wind,1644414
Lisnoo Power Ltd,Onshore Wind,1643087
Aughnagurgan - GP,Onshore Wind,1640719
SW 1092,Onshore Wind,1635662
Rockstown 250,Onshore Wind,1619987
Carnlea A,Onshore Wind,1619203
Moneysallin Park,Onshore Wind,1616056
1059,Onshore Wind,1615914
SP2701,Onshore Wind,1606732
Crossness STW wind turbine,Onshore Wind,1605129
Cloughmills 1 - GP,Onshore Wind,1600370
CFFTurbine1,Onshore Wind,1586054
Cullen,Onshore Wind,1571502
GGE1,Onshore Wind,1557639
Cloughmills Two,Onshore Wind,1548409
Ballure,Onshore Wind,1537747
Onekel Energy,Onshore Wind,1536136
Drin Road,Onshore Wind,1535090
Braidenhill,Onshore Wind,1529053
WLD,Onshore Wind,1521418
Breagho37,Onshore Wind,1517176
Ballinderry Wind,Onshore Wind,1508572
1082,Onshore Wind,1504042
Glen 250.,Onshore Wind,1498594
Wind NI 1040,Onshore Wind,1478060
GGE 3,Onshore Wind,1477662
"Green Hill Road, Belfast",Onshore Wind,1473056
Altagarron Wind Turbine,Onshore Wind,1466308
Silo Field,Onshore Wind,1457642
Tullykevin,Onshore Wind,1454303
AGH ENERGY,Onshore Wind,1451862
Mullyneil Road - GP,Onshore Wind,1450436
Laurel Lane - Annet,Onshore Wind,1447022
TRANNACK DOWNS,Onshore Wind,1432965
Lesley - wind turbine,Onshore Wind,1432193
castletown renewable energy ltd,Onshore Wind,1430791
Wind NI 1027,Onshore Wind,1430024
National Offshore Wind Turbine Test Facility (NOWTTF),Onshore Wind,1428443
Craighill,Onshore Wind,1416578
1051,Onshore Wind,1415504
T1 Erne Wind - GP,Onshore Wind,1415432
1081,Onshore Wind,1414521
Nigel Jordan,Onshore Wind,1402687
RSRTurbine2,Onshore Wind,1397512
Screeby,Onshore Wind,1392258
WEG 1028,Onshore Wind,1380350
Macken-T1,Onshore Wind,1373547
Rogers WTG,Onshore Wind,1363911
River Field,Onshore Wind,1362341
Kerrs Hill,Onshore Wind,1355643
HARLOCK HILL,Onshore Wind,1354720
Wind NI 1024,Onshore Wind,1352956
Slievenahanaghan,Onshore Wind,1352467
Alan Campbell,Onshore Wind,1351887
Drumkeen250.,Onshore Wind,1348728
Barleyhill-GP,Onshore Wind,1347059
Ardglass Road,Onshore Wind,1345783
1094,Onshore Wind,1337907
SP0516,Onshore Wind,1335717
Creaghan Hill,Onshore Wind,1334171
P.M-GP,Onshore Wind,1333594
Errigal,Onshore Wind,1333374
1090,Onshore Wind,1333289
Terrydoo 1,Onshore Wind,1331838
MPG Portrush,Onshore Wind,1328891
Wind NI 1016,Onshore Wind,1326970
1093,Onshore Wind,1325336
NBE-005,Onshore Wind,1324603
Kerr - Rathfriland Road,Onshore Wind,1316282
SP0517,Onshore Wind,1315968
scottenergy 01,Onshore Wind,1309371
1075,Onshore Wind,1308168
Killoon 1 -GP,Onshore Wind,1307748
Cooltrain Turbine 1,Onshore Wind,1307621
Coa Energy,Onshore Wind,1302916
Leam Generation,Onshore Wind,1301264
1062,Onshore Wind,1301019
Begley Hilltop,Onshore Wind,1290496
Sheepwalk Road - Deepbridge,Onshore Wind,1289116
LW 001,Onshore Wind,1283740
YAAK,Onshore Wind,1280971
Rathriland Road - McIlroy,Onshore Wind,1278227
Gigha Windmills,Onshore Wind,1274123
Slieve Croob Dromara,Onshore Wind,1273725
Future (Newry),Onshore Wind,1269619
Gorticross - GP,Onshore Wind,1265173
Horse Park Wind,Onshore Wind,1264941
Corlea Enterprises,Onshore Wind,1264485
Kingsfort Energy,Onshore Wind,1263664
Terrydoo 2,Onshore Wind,1263333
1064,Onshore Wind,1262871
GlenlearyRoad250,Onshore Wind,1259311
Kilsannagh Road,Onshore Wind,1259267
Garrisonhillwindltd,Onshore Wind,1254971
Islands Of Carnmoon,Onshore Wind,1251583
Baleney Renewables 225,Onshore Wind,1249953
hill renewables,Onshore Wind,1249025
Shanmagherywindltd,Onshore Wind,1246910
North Carneatly,Onshore Wind,1245059
WEG 1054,Onshore Wind,1241964
Magheraboy Wind,Onshore Wind,1238459
WEG 1069 -GP,Onshore Wind,1233680
1078,Onshore Wind,1231311
Cavey-Road - GP,Onshore Wind,1229754
Causeway T2,Onshore Wind,1228935
Tonnaghmore,Onshore Wind,1213779
SP0592,Onshore Wind,1211032
Randalstown IA,Onshore Wind,1207601
Wind NI 1004,Onshore Wind,1206561
Clough Mills,Onshore Wind,1202869
Dullaghy 45,Onshore Wind,1200932
Poyntzpasswindltd,Onshore Wind,1198459
McKernan - Aghaboy GP,Onshore Wind,1198232
Quarry Hill Wind,Onshore Wind,1196859
K2 Power Randalstown,Onshore Wind,1194741
Redrock Full Application,Onshore Wind,1193931
Madden Rd Wind Turbine,Onshore Wind,1193492
Iona Wind,Onshore Wind,1193160
Sperrin Environmental 250kw - GP,Onshore Wind,1191515
Breenair,Onshore Wind,1188054
Ashfield Renewables,Onshore Wind,1182042
University of Ulster Coleraine Campus Wind Turbine Generator,Onshore Wind,1179518
Grey-Vestas,Onshore Wind,1175939
Clady Haliday Wind,Onshore Wind,1174526
Wind NI 1041,Onshore Wind,1163376
Slievedrinne Energy,Onshore Wind,1162490
"Hull Waste Water Treatment Works - WTG, (1/11/2007) A, D",Onshore Wind,1162472
BURGAR HILL,Onshore Wind,1161356
Ballykeery,Onshore Wind,1150028
FEL3 - Kanes,Onshore Wind,1149912
Aghafad Rd Wind Turbine,Onshore Wind,1143297
Wind NI 1003,Onshore Wind,1141121
16 Drumack Lane,Onshore Wind,1141038
NWW Killy Beg West-GP,Onshore Wind,1138730
Glacpower-GP,Onshore Wind,1134046
Boundary Lane,Onshore Wind,1133679
Foyle View,Onshore Wind,1131576
Dunamallaght Farm Wind Turbine,Onshore Wind,1131517
The Quarry,Onshore Wind,1129487
larry rogers,Onshore Wind,1127241
Wardair,Onshore Wind,1126631
KJ Power,Onshore Wind,1126595
Thornhill37,Onshore Wind,1123565
1058,Onshore Wind,1122526
Ballyrush Wind,Onshore Wind,1120844
Porter-Garvaghy Rd-GP,Onshore Wind,1120806
Ballyboley Rd Wind Turbine,Onshore Wind,1120237
Lendrums Bridge - ECO Unit,Onshore Wind,1118359
Gransha 2 Farm,Onshore Wind,1115507
Hall - Sheepwalk Road,Onshore Wind,1115447
Causeway T1,Onshore Wind,1112330
WNIP - 1052,Onshore Wind,1111710
Greenville Energy Wind,Onshore Wind,1104068
Breezy Hill B,Onshore Wind,1102513
Nelson,Onshore Wind,1098212
PITHWIND,Onshore Wind,1098109
Doon Wind,Onshore Wind,1097603
Rathconvil Wind.,Onshore Wind,1096993
castlewarren renewables,Onshore Wind,1096691
AW Richill,Onshore Wind,1093628
Church Road Full,Onshore Wind,1092590
Nine Mile Hill,Onshore Wind,1091240
Cloyfin Energy-GP,Onshore Wind,1088112
BaxterWaste Wind 01,Onshore Wind,1084122
Mallard-GP,Onshore Wind,1078205
Loughran - Dunamore Road,Onshore Wind,1076008
knockagh site,Onshore Wind,1074938
McNally- Iveagh Road,Onshore Wind,1074621
Balnamoon,Onshore Wind,1074367
Creagh Energy,Onshore Wind,1072771
GelvinWind,Onshore Wind,1062676
Future (Carryduff),Onshore Wind,1061219
209 Middle Road,Onshore Wind,1056487
SP0309,Onshore Wind,1056325
Ballylurgan,Onshore Wind,1054480
1070,Onshore Wind,1052977
Tullycaliddy Road - GP,Onshore Wind,1051359
1035,Onshore Wind,1050014
1089,Onshore Wind,1049064
1071,Onshore Wind,1048935
Corkley Energy,Onshore Wind,1046543
Carrickgallogly Road,Onshore Wind,1044873
Aughnagurgan wind farm,Onshore Wind,1043006
Drumhappy Road,Onshore Wind,1040581
Keenaghan Wind Turbine,Onshore Wind,1040185
1176,Onshore Wind,1039007
90 Woodside,Onshore Wind,1037036
Killygorewindltd,Onshore Wind,1036949
Caldrum Wind,Onshore Wind,1034005
SP0229,Onshore Wind,1033579
93 Ballynahinch Road,Onshore Wind,1032868
DANIS,Onshore Wind,1031222
SP0168,Onshore Wind,1029795
Balloo Wood Wind Turbine,Onshore Wind,1028212
Brighwindltd,Onshore Wind,1025342
Legilly Road,Onshore Wind,1022840
Grassroots Wind,Onshore Wind,1022705
Rowan 250,Onshore Wind,1021261
Haag Air,Onshore Wind,1020517
Edenaveys - Davidson,Onshore Wind,1017801
S.McG,Onshore Wind,1017048
Ballintate Road,Onshore Wind,1013672
The Ponderosa,Onshore Wind,1011213
Ballycolinwind,Onshore Wind,1009278
Randalstown IIB,Onshore Wind,1007103
Crawford wind 1,Onshore Wind,1007082
SP0884,Onshore Wind,1006430
SP3938,Onshore Wind,1002945
Farlands,Onshore Wind,1001723
1056,Onshore Wind,1001200
Gransha 1 Site,Onshore Wind,998588
Dunevely Road - GP,Onshore Wind,998113
Leod Quarry M700,Onshore Wind,995988
Paisley Road,Onshore Wind,993740
Drumaney108.,Onshore Wind,992429
SP0457 - GP,Onshore Wind,992069
NWW Killy Beg East Limited -GP,Onshore Wind,991738
BallykilbegwindltdTurbine,Onshore Wind,991292
Muckle Hill Wind Turbine,Onshore Wind,989229
Killymittan,Onshore Wind,984125
Crewehill Wind,Onshore Wind,983843
1042,Onshore Wind,980574
Curlyhill,Onshore Wind,980191
Glenavy,Onshore Wind,979684
SP0654,Onshore Wind,976374
HS Energy,Onshore Wind,975486
WO-002250-Anticur,Onshore Wind,973709
Beckton STW wind turbine,Onshore Wind,971643
SP0926,Onshore Wind,970723
79 Woodside,Onshore Wind,970473
Loup Wind,Onshore Wind,967539
Halley-Micon,Onshore Wind,966358
Reenpro Glenleary Road,Onshore Wind,961333
Wind NI 1019,Onshore Wind,961259
Groove Road,Onshore Wind,961054
Future (Pomeroy),Onshore Wind,957644
SP1110,Onshore Wind,956632
Lissan,Onshore Wind,953130
SP0015 - GP,Onshore Wind,952676
Screen Energy T2,Onshore Wind,952672
Ruhara – GP,Onshore Wind,951861
Cruckaclady Mountain,Onshore Wind,950151
Green Road-GP,Onshore Wind,948438
Tandragee,Onshore Wind,946976
Young Energy Ltd,Onshore Wind,946094
Edenmore Wind,Onshore Wind,945896
Airconserv Ltd,Onshore Wind,944969
LinfordEnergy,Onshore Wind,943799
Sperrin Wind 250kw,Onshore Wind,943415
Ballygallum,Onshore Wind,942260
Scragheywind,Onshore Wind,942214
Ballyblack Road - GP,Onshore Wind,938943
Blackhill Wind,Onshore Wind,938063
Tirnascobe Road,Onshore Wind,937073
SP0636,Onshore Wind,935202
Knockavannon,Onshore Wind,932641
Tornaroy Wind Ltd,Onshore Wind,928441
Glen Road,Onshore Wind,927718
Russell250,Onshore Wind,927415
Breagho,Onshore Wind,925644
Railroad,Onshore Wind,923725
GFE Balinaquilly – GP,Onshore Wind,923669
Mach Power,Onshore Wind,921319
Drumbanagher Wall Road,Onshore Wind,920132
MPG Poyntzpass,Onshore Wind,919453
Shaun Christie,Onshore Wind,918513
Knockroe_GP,Onshore Wind,918286
SP1150-GP,Onshore Wind,916923
Glenside,Onshore Wind,914536
Lisnatunny,Onshore Wind,913538
Cavanoneill Rd Wind Turbine,Onshore Wind,913078
Hogg 2.,Onshore Wind,907778
Cavanakill Road Wind Turbine,Onshore Wind,905449
1174,Onshore Wind,902176
Wind NI 1014,Onshore Wind,900172
1177,Onshore Wind,899283
LF Energy,Onshore Wind,898870
Oxgenwindltd,Onshore Wind,895597
Derrylea Wind,Onshore Wind,893646
Corkhill 225,Onshore Wind,892136
Tullyboy250,Onshore Wind,891000
Drumeagle1 - GP,Onshore Wind,890764
Cromie - Reservoir Road,Onshore Wind,890477
Kilrea Road -gp,Onshore Wind,889444
NWW Brockagh (1)-GP,Onshore Wind,888976
Mountain lane 1,Onshore Wind,887968
Wind NI 1002,Onshore Wind,887743
Crewmore - GP,Onshore Wind,886697
BallynoewindltdTurbine,Onshore Wind,883990
Farmview - Micon,Onshore Wind,881402
Wind NI 1009,Onshore Wind,881232
Reaney,Onshore Wind,880557
glenbuck north,Onshore Wind,880070
Solo Energy 1,Onshore Wind,877882
Glengenltdmm,Onshore Wind,877068
SP3269-GP,Onshore Wind,876990
1020,Onshore Wind,876717
Saintfieldwindltd,Onshore Wind,876375
Calzach 1001,Onshore Wind,875423
Ballyrogan Road,Onshore Wind,875236
Drumbeebeg West,Onshore Wind,873848
Earney001,Onshore Wind,873515
Ballydugan Road,Onshore Wind,870822
1039,Onshore Wind,866977
HILLSIDE COMBINED RENEWABLE SYSTEMS LTD,Onshore Wind,863260
Aughnagreggan,Onshore Wind,862073
Loughloughanwindltd,Onshore Wind,859161
Beechgrove Wind,Onshore Wind,852341
SP1114,Onshore Wind,846965
Knockavoe.,Onshore Wind,845617
Moya (Findhorn Wind Park),Onshore Wind,845192
Wind NI 1010,Onshore Wind,841452
Camlough,Onshore Wind,838710
"Northfield Wind Energy Project Burray- A,C",Onshore Wind,838002
EMERALD PRIME,Onshore Wind,837398
Landhead Power Ltd,Onshore Wind,836602
Montgomery - Downpatrick Road,Onshore Wind,834325
1088,Onshore Wind,832227
bbgni,Onshore Wind,831026
Mullanmore,Onshore Wind,828036
IrishhillwindltdTurbine,Onshore Wind,828019
RNI 1170,Onshore Wind,827391
Nós na Gaoithe Wind.,Onshore Wind,827294
McClure Generating 225.,Onshore Wind,827256
Bonnyview,Onshore Wind,826401
Crosshill  Energy Ltd,Onshore Wind,826216
Realtons Wind,Onshore Wind,824175
Mountviewwindltd-gp,Onshore Wind,824050
Rea - Boghill Road,Onshore Wind,819784
Flynn - energy,Onshore Wind,819723
1172,Onshore Wind,818665
Cluntagh Turbine,Onshore Wind,818538
Castleroe Energy,Onshore Wind,818038
Core Aggregates,Onshore Wind,813745
Cornamucklagh,Onshore Wind,813335
Breezy Hill M,Onshore Wind,813257
Novally,Onshore Wind,811584
Ashlamaduff,Onshore Wind,810834
Newrycrosswindltd,Onshore Wind,808495
DRUMACK LANE - GP,Onshore Wind,802210
Drumabest Farm,Onshore Wind,801857
Seacoast 250,Onshore Wind,801265
Mount Hamilton Rd,Onshore Wind,798687
SP1963-GP,Onshore Wind,792806
SP1866 - GP,Onshore Wind,792625
Magheragar 1,Onshore Wind,791434
Martin V27,Onshore Wind,789553
SP1215,Onshore Wind,786135
The Twins,Onshore Wind,785471
SP0555-GP,Onshore Wind,784790
Smyth - Garvaghy,Onshore Wind,784375
Forbes-Micon1,Onshore Wind,784357
Ash Ballyavelin Road,Onshore Wind,781744
Holsen 1043,Onshore Wind,781178
SP0635,Onshore Wind,778942
Rea - Auchnabrack Road,Onshore Wind,778575
Ballyreagh Wind,Onshore Wind,778255
Artigarvan Wind Turbine.,Onshore Wind,777075
Macwindgen Rathkeel,Onshore Wind,776937
Derryallen,Onshore Wind,776378
Killaculla Wind,Onshore Wind,773994
WO-001225-McNally,Onshore Wind,770741
Crossdernotwindltd,Onshore Wind,770325
BU FARM,Onshore Wind,767094
Blood Hill Wind Farm - A,Onshore Wind,766109
Derrymacanna KN199,Onshore Wind,761945
VSempleandsonsltd,Onshore Wind,761136
An Muileann Wind.,Onshore Wind,760912
1037,Onshore Wind,760178
Ballyrobert Rd Wind Turbine,Onshore Wind,758950
"East Kilbride Wind Turbine - C,D",Onshore Wind,757990
Hegarty Micon,Onshore Wind,756533
Foreglen Wind,Onshore Wind,754051
Timpany Wind,Onshore Wind,752672
SP0772,Onshore Wind,751467
SP0478,Onshore Wind,750730
Altamuskin 250,Onshore Wind,748990
Baronagh 250.,Onshore Wind,746521
Reenpro Tallbridge Rd,Onshore Wind,745008
Lake View Farm,Onshore Wind,742271
Cullyrammerwindltd,Onshore Wind,741745
Carnaff 1,Onshore Wind,740116
Blackbog 225,Onshore Wind,738983
Dunbreen Turbine,Onshore Wind,738607
SP1326,Onshore Wind,738415
Corbo Wind Ltd,Onshore Wind,737062
Oakdene Renewables,Onshore Wind,735399
Farmhillwindltd,Onshore Wind,735353
CavandarraghwindltdTurbine,Onshore Wind,735114
Drumlegagh Wind,Onshore Wind,734980
Greenbank Farm,Onshore Wind,733929
SP0-713,Onshore Wind,733711
Dungram Hill,Onshore Wind,733228
Killunaught Road,Onshore Wind,731085
Glenleslie 150,Onshore Wind,728513
1015,Onshore Wind,727622
1036,Onshore Wind,725442
Valley Rd WH02,Onshore Wind,724904
Tulnagallwindltdturbine,Onshore Wind,722058
Old Belfast Rd,Onshore Wind,721963
SP0317-GP,Onshore Wind,721548
Aghindaiagh,Onshore Wind,721206
McKee150,Onshore Wind,719771
Ballyknock,Onshore Wind,719625
Halls Wind.,Onshore Wind,718699
Townview,Onshore Wind,718550
Legavallon Road,Onshore Wind,717588
Carrowreagh150,Onshore Wind,717527
Methil Docks Wind Turbine,Onshore Wind,713732
ALG Biogas Wind,Onshore Wind,712852
SP0129-GP,Onshore Wind,712165
Ballyligwindltd,Onshore Wind,711504
"Drumard Road, Portadown – GP",Onshore Wind,711466
Sessiagh Road,Onshore Wind,710541
RJV Wind 150.,Onshore Wind,710361
MullanwindltdTurbine,Onshore Wind,707113
Furnish Renewables Wind,Onshore Wind,704710
Camlough 01,Onshore Wind,703122
1025,Onshore Wind,702991
SP0765,Onshore Wind,702632
Alternative Heat Wind Turbine,Onshore Wind,702478
Relagh Energy - GP,Onshore Wind,701239
Tummery Wind,Onshore Wind,698876
Whitehill Station,Onshore Wind,696458
Ballymack,Onshore Wind,695058
Curragh,Onshore Wind,694175
Drumbrickwindltd,Onshore Wind,693682
Castlerainywind,Onshore Wind,689573
1097,Onshore Wind,688059
Wind NI 1030,Onshore Wind,687096
Shilnavogie 150.,Onshore Wind,686691
Redhouse Wind,Onshore Wind,685396
SkerdanHill,Onshore Wind,684492
Airtana,Onshore Wind,683999
Garvagh Energy,Onshore Wind,683739
Ballybogey,Onshore Wind,682426
Allen Energy,Onshore Wind,682208
WindPowerNI,Onshore Wind,681211
Colinglen150,Onshore Wind,680947
Cladybeg 1,Onshore Wind,680862
CliffdonWind,Onshore Wind,680001
MacreteWind,Onshore Wind,679503
RJV Wind,Onshore Wind,677895
McCloskey  Farms T2,Onshore Wind,677570
Inishative 150,Onshore Wind,677261
"Delabole - A,C,D",Onshore Wind,676488
Mountgrove Energy,Onshore Wind,675631
Whitehouse Farm,Onshore Wind,674994
Carncullagh Road - GP,Onshore Wind,671970
JP1,Onshore Wind,670264
WO-004225-Randalstown,Onshore Wind,669150
Clady Site,Onshore Wind,667735
Earney002,Onshore Wind,666362
Tirmegan wind,Onshore Wind,666331
Herbst Wind 01.,Onshore Wind,666294
Parkgate Road Wind Turbine,Onshore Wind,666165
Drumcross Energy,Onshore Wind,664993
Tivockmoy Farm,Onshore Wind,663073
Gortagammon,Onshore Wind,661505
SP0361,Onshore Wind,660755
Wind NI 1012,Onshore Wind,659045
J. Dobbs,Onshore Wind,657539
Trillick KN185,Onshore Wind,657132
Ulster University Coleraine Campus Wind Turbine Generator T2,Onshore Wind,655654
Quarry Road,Onshore Wind,648723
Beagh Wind,Onshore Wind,647330
R.Gilmore,Onshore Wind,646238
Tamnadoey,Onshore Wind,645888
Backtown Wind Turbine,Onshore Wind,645374
Raveagh,Onshore Wind,635562
Burnquarter,Onshore Wind,634155
RDA Renewables,Onshore Wind,633290
Keshwindltd-gp,Onshore Wind,632586
Ballyatwood,Onshore Wind,631335
Ballynahinch Site,Onshore Wind,628238
Wind NI 1021,Onshore Wind,626064
Tycanny Hill 200.,Onshore Wind,625960
K.McC.,Onshore Wind,624767
Culvacullion Gortin,Onshore Wind,622475
BarronWind,Onshore Wind,621653
Wind NI 1008,Onshore Wind,619550
Gortatean,Onshore Wind,616743
Boggs Wind Turbine,Onshore Wind,615565
Diamond View,Onshore Wind,615091
NWW Makenny - GP,Onshore Wind,614823
1032,Onshore Wind,612479
Carrickduff,Onshore Wind,611768
Goonhilly Downs Wind Farm - A,Onshore Wind,610183
Ballyknockan Road 150,Onshore Wind,609062
IPEH Wind,Onshore Wind,606655
currieenergy,Onshore Wind,606463
Irvinestown Wind,Onshore Wind,606331
JAE Wind,Onshore Wind,604745
Cavanaleewindltd-GP,Onshore Wind,603999
Legananny250,Onshore Wind,601633
Lisnahannaltd-GP,Onshore Wind,601046
Tonnagh Wind,Onshore Wind,600517
16 Ednego Road,Onshore Wind,600032
Conharlil 225,Onshore Wind,598775
Leitrim 11 Turbine,Onshore Wind,597996
Leirum,Onshore Wind,592398
I&DMartin87-GP,Onshore Wind,590816
Townhill,Onshore Wind,590232
Wind NI 1005,Onshore Wind,590161
NONQ No.1,Onshore Wind,588976
Nugent250,Onshore Wind,587880
Wind NI 1018,Onshore Wind,587005
WRE,Onshore Wind,586935
SP0012,Onshore Wind,584127
A&ISLimited,Onshore Wind,583297
SP0904,Onshore Wind,581090
Beech Tree Farm Wind Turbine,Onshore Wind,579766
Steeple Wind,Onshore Wind,578442
Battletown Wind,Onshore Wind,577923
MPG - Trillick 250,Onshore Wind,577628
Macwindgen Whitesides Corner,Onshore Wind,576998
Woodhill 150,Onshore Wind,576024
WindyPowers 225,Onshore Wind,575809
Turcia Hill,Onshore Wind,574045
SP0335,Onshore Wind,572461
Stroan Road 250,Onshore Wind,572329
Shaneragh Wind,Onshore Wind,571107
High Sion 1 - GP,Onshore Wind,568554
Lisard Nordtank,Onshore Wind,567828
StewartstownWind,Onshore Wind,566532
Lisnagreen energy,Onshore Wind,566216
SP1338-GP,Onshore Wind,565049
Brockabuoy,Onshore Wind,564535
Greenmount 225,Onshore Wind,563805
Bullsbrook,Onshore Wind,559974
Johnston150,Onshore Wind,559916
Watson-Crewmore Rd – GP,Onshore Wind,559716
Keeranbegwind,Onshore Wind,559222
Huntly Road,Onshore Wind,559172
Cody,Onshore Wind,556050
Boggs Northwind,Onshore Wind,553807
Stewart Northwind,Onshore Wind,551183
Maddybenny Farms,Onshore Wind,550865
Drones Road 150.,Onshore Wind,550729
BLYTH OFFSHORE WIND FARM,Offshore Wind,549428
Ash Loughmallon Road,Onshore Wind,547573
Fincairn Road,Onshore Wind,547077
Middle Road,Onshore Wind,546308
SP0379,Onshore Wind,544424
SP0238-GP,Onshore Wind,542473
PortglenonewindltdTurbine,Onshore Wind,539411
Ballynacrosswindltd,Onshore Wind,538820
The Rock 150,Onshore Wind,538035
Wind NI 1011,Onshore Wind,537943
Garrarooskywindltd,Onshore Wind,537299
Armstrong 1,Onshore Wind,534987
MRH Renewables,Onshore Wind,534098
Dunarnon Wind,Onshore Wind,532664
Legilly150,Onshore Wind,532582
SP0184,Onshore Wind,530974
TWGilpinTurbine,Onshore Wind,530921
Kidsroadwindltd,Onshore Wind,529986
Annaghorish,Onshore Wind,526974
Avinger Wind,Onshore Wind,525067
Drumcraig Wind,Onshore Wind,524002
Blythe Offshore Wind Turbine WTG 2,Offshore Wind,518940
Kilcrenny,Onshore Wind,517214
Aghanore rd,Onshore Wind,515413
McCay250,Onshore Wind,514599
Brendan's Tip 150,Onshore Wind,513511
SP0418,Onshore Wind,510935
Castlederg250,Onshore Wind,509943
FoydraghwindltdTurbine,Onshore Wind,509734
Wind NI 1023,Onshore Wind,508568
McConvilles Mill,Onshore Wind,506417
SP0282,Onshore Wind,503094
Browndod 150.,Onshore Wind,501643
ST PATRICKS RENEWABLE ENERGY LTD,Onshore Wind,501272
BlaneyPower,Onshore Wind,501232
SP0469,Onshore Wind,500971
Eagleson Farm,Onshore Wind,498927
MYNYDD GLANDULAS,Onshore Wind,498783
LGGLtd-GP,Onshore Wind,497952
Croaghan 150KW Wind Turbine,Onshore Wind,497927
Oakley Renewables Ltd,Onshore Wind,492707
Tullyskeagh Wind Farm.,Onshore Wind,492231
Barnes Farm,Onshore Wind,490931
Ardglass,Onshore Wind,489751
Airfield,Onshore Wind,489639
Castlevennon 150,Onshore Wind,488786
MK Green Energy,Onshore Wind,487917
Energair Wind 1.,Onshore Wind,487917
Mullawinny 150,Onshore Wind,486340
Beechhill Wind,Onshore Wind,486340
Beragh250,Onshore Wind,484264
D Rice Northwind100,Onshore Wind,481125
LYNCH KNOLL,Onshore Wind,480853
Currie Northwind,Onshore Wind,480747
CH Contracts,Onshore Wind,480733
Graham 150,Onshore Wind,479259
Bunlougher Wind Limited,Onshore Wind,471470
Lough Power PAK,Onshore Wind,470662
Drumahitt,Onshore Wind,469547
Maggie 7,Onshore Wind,466427
MCG Power,Onshore Wind,464583
FEL2 - Annets,Onshore Wind,464271
Irwin Wind - GP,Onshore Wind,460137
AJM Turbine 150KW,Onshore Wind,457266
NTR-WPL2-001,Onshore Wind,454140
Aughaglea,Onshore Wind,451011
Ballymagerny,Onshore Wind,450116
Drumdreenagh Wind.,Onshore Wind,448073
ABB,Onshore Wind,443971
NTR WPL1 001,Onshore Wind,442936
Ecclesgreen 150,Onshore Wind,441656
Wind NI 1006,Onshore Wind,440338
Pomeroy 225,Onshore Wind,438713
Lisnasure,Onshore Wind,438228
Airfield 1,Onshore Wind,435710
Antrim Area Hospital Wind Turbine - D,Onshore Wind,434644
Lagangreen Hill,Onshore Wind,434039
Barkers Road,Onshore Wind,433589
Montgomery1,Onshore Wind,431949
McKeefry Northwind,Onshore Wind,428354
Knockanloan,Onshore Wind,422588
MGT,Onshore Wind,421439
Doherty & Gray Turbine,Onshore Wind,419517
Slieve View Turbine,Onshore Wind,418893
Reenpro Cavan Rd,Onshore Wind,415565
Minerstown Farm,Onshore Wind,415145
Drumcrow WT,Onshore Wind,414665
ORRA Wind,Onshore Wind,413031
Moorfields,Onshore Wind,412311
St Mary's Wind Turbine,Onshore Wind,412072
Carrickrovaddy,Onshore Wind,407774
Carland Wind 01,Onshore Wind,407670
Cullybackey,Onshore Wind,406742
Moyle Hills Turbine,Onshore Wind,404425
Deerpark,Onshore Wind,402223
CLAUDY,Onshore Wind,402144
Drumslade.,Onshore Wind,401812
Reain-Levallyreagh Road,Onshore Wind,400052
Tyrone GAEL,Onshore Wind,400025
Birt150kW,Onshore Wind,399916
TWF,Onshore Wind,398897
Tamlagh Energy,Onshore Wind,397429
Lylehill Road,Onshore Wind,395713
Slieveboy,Onshore Wind,391900
DrumkeeWindTurbine,Onshore Wind,388523
Mowhan,Onshore Wind,387227
Culmore Renewables,Onshore Wind,385028
Lavery Windworld – GP,Onshore Wind,384369
S+T Wind 01.,Onshore Wind,384340
Carrickbrack 2.0,Onshore Wind,380977
RNewell Northwind,Onshore Wind,379884
Hilltop 01,Onshore Wind,379187
Energair Wind 2.,Onshore Wind,376893
Coolmagheny Wind,Onshore Wind,374188
Letterbreen,Onshore Wind,370991
Eden Road,Onshore Wind,370200
Jill Hunter Turbine,Onshore Wind,369356
Glassdrummond,Onshore Wind,368964
CKZ,Onshore Wind,367580
JE Wind,Onshore Wind,364184
Markethill,Onshore Wind,359242
Clady,Onshore Wind,358894
Naylor Hill,Onshore Wind,349498
Craighall Wind,Onshore Wind,347571
NTBSpark,Onshore Wind,343646
Carrowcolman,Onshore Wind,342480
Springvale,Onshore Wind,342050
T. A. & M. Enterprises,Onshore Wind,336911
Loguestown.,Onshore Wind,331209
MCRD Wind LTD.,Onshore Wind,328526
Loughdurance,Onshore Wind,328183
Bellaghy 150,Onshore Wind,322313
Curragh Road - Replacement,Onshore Wind,321484
Feglish 150,Onshore Wind,318467
Dungorman,Onshore Wind,317708
Cloughfin,Onshore Wind,316237
Cahore,Onshore Wind,312776
Rainoss,Onshore Wind,311800
Edenamohill250,Onshore Wind,309713
Swansea Docks 1 - D,Onshore Wind,308756
RMEnergy.,Onshore Wind,308736
BARANAILT,Onshore Wind,307241
ReidEndurance,Onshore Wind,306113
Annaghmore,Onshore Wind,305683
Drumneath,Onshore Wind,304975
NONQ No.2,Onshore Wind,303735
Cavan Hill 150,Onshore Wind,303075
Orchard Road,Onshore Wind,297204
Cloghfin Wind,Onshore Wind,292417
Nutfield Road,Onshore Wind,291969
Legananny Wind,Onshore Wind,290771
Don Wind 01 - GP,Onshore Wind,290418
Wind Turbine Fox,Onshore Wind,290070
Lodge,Onshore Wind,288287
NWW Tullynadall West,Onshore Wind,286312
Barnmeen 2,Onshore Wind,282943
Mullaghcreevy,Onshore Wind,281798
Blackbridge,Onshore Wind,280005
Clar Gen,Onshore Wind,277852
Springwell,Onshore Wind,274232
Dunman,Onshore Wind,272813
Ladyhill,Onshore Wind,271850
Claremore 150,Onshore Wind,269519
Cabragh,Onshore Wind,266202
Kilycolp,Onshore Wind,258378
Beragh,Onshore Wind,256970
Ballygowan wind turbine,Onshore Wind,251931
Aer Fhorsa 250,Onshore Wind,239925
Clar Upper,Onshore Wind,226411
Olivia Menary,Onshore Wind,224447
Killeenan,Onshore Wind,219923
ColtonWind,Onshore Wind,216047
Screen Energy T1,Onshore Wind,211988
Ballintrain,Onshore Wind,206636
Dunaird Energy 150,Onshore Wind,203899
Naked Wind,Onshore Wind,202294
TubberWind,Onshore Wind,197134
Crockanboy,Onshore Wind,195874
Curragh Road,Onshore Wind,191729
Colton Quarries Wind,Onshore Wind,190945
Shannaragh Wind,Onshore Wind,189387
Wilkinson Vestas V17,Onshore Wind,186514
PMD 55,Onshore Wind,176330
Legilly55,Onshore Wind,168736
Barnard Castle GSK Wind Turbines - D,Onshore Wind,167965
Gortgole 150,Onshore Wind,159857
Cameron 01,Onshore Wind,159694
Reaney,Onshore Wind,158754
Collins wind station,Onshore Wind,153905
Moyola,Onshore Wind,153543
Cairncastle East,Onshore Wind,144834
Michael Lilly,Onshore Wind,140655
Dromore 150,Onshore Wind,138782
Pitkinnie Wind Turbine (Forsyth),Onshore Wind,135785
RAPID INTERNATIONAL,Onshore Wind,132687
Spa Wind Turbines Ltd,Onshore Wind,131793
Tullyhubbert,Onshore Wind,127818
Bruxiehill Wind Energy Ltd,Onshore Wind,125634
Crosscavanagh Wind 225,Onshore Wind,120015
Torrard Turbine,Onshore Wind,112554
Newlands 2 - A,Onshore Wind,108155
"The Renewable Energy Centre - A, C, D",Onshore Wind,105197
Connaught (13/12/2007),Onshore Wind,104001
Lough Moss Turbine,Onshore Wind,98553
Hydrogen Mini Grid at the AMP,Onshore Wind,97863
gortlea windturbine,Onshore Wind,97678
Skea01,Onshore Wind,92287
Corranny Wind,Onshore Wind,88848
Ballybogey,Onshore Wind,86034
Graham Wind,Onshore Wind,85036
Cooks Wind Station.,Onshore Wind,83900
Crawford wind 1,Onshore Wind,79055
"Fair Isle - C,D,E",Onshore Wind,75404
"Chelker Windfarm- A,C",Onshore Wind,71116
"The ECO Centre, Hebburn - D",Onshore Wind,67023
Gallowhill,Onshore Wind,64487
Carnduff,Onshore Wind,57315
131 Drumaney  Road,Onshore Wind,53994
Birsay Energy,Onshore Wind,48905
Wood Green Animal Shelters,Onshore Wind,48515
Hill of Burns,Onshore Wind,48421
Middlefields Wind Turbine - D,Onshore Wind,38128
Ballyknockan Road,Onshore Wind,37977
Faccombe Estates - A,Onshore Wind,32665
"MT Waste (29/08/2007), D",Onshore Wind,32395
Isle of Luing Wind Energy Scheme - A,Onshore Wind,30942
The Greenhouse,Onshore Wind,28109
Newstead,Onshore Wind,25884
Dotterel Farm Wind Turbine- D,Onshore Wind,25837
Bancran V20  - D,Onshore Wind,25236
Ballygowan wind turbine,Onshore Wind,24760
Grove House - Y,Onshore Wind,23379
Carhill Wind Turbine,Onshore Wind,22496
Pil Gen 1 - D,Onshore Wind,21113
Cypex Ltd,Onshore Wind,20429
BDCR Vestas V17,Onshore Wind,15703
"West Beacon Farm - A,C,D",Onshore Wind,14553
32a Clone Road,Onshore Wind,14541
Discover Carmichael Visitor Centre,Onshore Wind,10923
Longley Farm,Onshore Wind,9607
Cowhill,Onshore Wind,9112
Graham Wind,Onshore Wind,9085
gortlea windturbine,Onshore Wind,8537
8 River road,Onshore Wind,7646
Bellaghy 150,Onshore Wind,6755
Whannordtank,Onshore Wind,6365
AMRC,Onshore Wind,5541
wychbold windfarm,Onshore Wind,3161
Portland Marina,Onshore Wind,3047
SHL Turbine 1,Onshore Wind,1748
Discover Carmichael Visitor Centre,Onshore Wind,1617
GEN0183389,Onshore Wind,1562
Trillick,Onshore Wind,909
Liniclate Wind Turbine - D,Onshore Wind,322
Lazyfold,Onshore Wind,149
